name,college_team,college_conference,position,height,weight,season_before_draft,regular_season_games,regular_season_wins,regular_season_losses,postseason_games,postseason_wins,postseason_losses,attended_combine,draft_round,passing_completions,passing_att,completion_pct,passing_yds,passing_tds,passing_ints,passing_ypa,receiving_rec,receiving_yds,receiving_td,receiving_ypr,rushing_car,rushing_yds,rushing_td,rushing_ypc,forty,bench,vertical,broad_jump,cone,shuttle
RB_Player_0,Ohio State,Big Ten,RB,78,202,2025,12,7,2,0,0,0,Y,5,0,0,0.0,0,0,0,0.0,15,150,1,8.0,207,855,11,5.0,4.739958187285943,13.0,31.687522031270092,116.42530168695905,7.412078544410207,4.382104862977805
RB_Player_1,Alabama,Big Ten,RB,78,221,2025,12,11,2,0,0,0,Y,2,0,0,0.0,0,0,0,0.0,22,150,1,8.0,189,852,8,5.0,4.7283314869444375,18.0,32.83163830955124,117.69086415264134,6.977550089473023,4.335156227886269
RB_Player_2,LSU,ACC,RB,76,217,2025,12,9,2,0,0,0,Y,2,0,0,0.0,0,0,0,0.0,15,150,1,8.0,195,869,12,5.0,4.880191144967275,18.0,30.379316757137843,106.66143246422241,7.285483813634152,4.39140941869069
RB_Player_3,LSU,SEC,RB,78,217,2025,12,9,2,1,0,0,Y,1,0,0,0.0,0,0,0,0.0,44,350,3,8.0,248,1269,13,5.6,4.656901033463655,18.0,36.68298693408371,128.64421729319523,7.049911588762321,4.275792392046625
RB_Player_4,LSU,Big Ten,RB,73,207,2025,12,9,2,0,0,0,Y,4,0,0,0.0,0,0,0,0.0,27,150,1,8.0,198,813,10,5.0,4.784212901895658,18.0,34.630874246318676,114.47914174772086,7.262552164328127,4.2692372802837655
RB_Player_5,Oregon,Pac-12,RB,70,220,2025,12,10,2,1,0,0,N,5,0,0,0.0,0,0,0,0.0,15,150,1,8.0,174,846,12,5.0,,,,,,
RB_Player_6,LSU,SEC,RB,75,225,2025,12,11,2,2,0,0,Y,4,0,0,0.0,0,0,0,0.0,28,150,1,8.0,177,881,9,5.0,4.760973817318498,16.0,29.95546322953834,121.73164860449211,7.226806714324444,4.304771106507212
RB_Player_7,Oregon,Big Ten,RB,77,217,2025,12,11,2,1,0,0,Y,7,0,0,0.0,0,0,0,0.0,19,150,1,8.0,199,901,8,5.0,4.7680375372662915,18.0,31.830947541548596,116.49668627481326,7.187532687528414,4.373761644752111
RB_Player_8,LSU,SEC,RB,72,216,2025,12,8,2,0,0,0,Y,6,0,0,0.0,0,0,0,0.0,17,150,1,8.0,206,944,9,5.0,4.7246156905251855,16.0,30.79599409922776,118.04534567769309,7.1521222502637745,4.357703202100347
RB_Player_9,LSU,Pac-12,RB,78,212,2025,12,9,2,1,0,0,Y,2,0,0,0.0,0,0,0,0.0,21,150,1,8.0,175,824,12,5.0,4.766190459330243,16.0,32.41097163571178,118.2413873746893,7.2369392644938255,4.327506757571154
RB_Player_10,Oregon,SEC,RB,78,216,2025,12,11,2,0,0,0,Y,5,0,0,0.0,0,0,0,0.0,16,150,1,8.0,206,784,9,5.0,4.833044227677032,14.0,33.72714267274205,116.3530358144718,6.762906549290943,4.3977731431663445
RB_Player_11,Oregon,Pac-12,RB,74,228,2025,12,11,2,2,0,0,Y,4,0,0,0.0,0,0,0,0.0,27,150,1,8.0,184,857,12,5.0,4.747683004551364,17.0,32.222279556312834,122.62343829687548,6.964551786530644,4.351925674155401
RB_Player_12,Oregon,ACC,RB,76,219,2025,12,7,2,2,0,0,Y,1,0,0,0.0,0,0,0,0.0,52,350,3,8.0,240,1302,12,5.6,4.622711777731768,21.0,34.2427706711885,124.75511705389417,6.982573082327975,4.318286677225385
RB_Player_13,Oregon,SEC,RB,70,224,2025,12,11,2,1,0,0,Y,1,0,0,0.0,0,0,0,0.0,42,350,3,8.0,329,1295,13,5.6,4.605459344226871,19.0,36.85475410305812,118.71945604024283,7.224236293958266,4.237126622675966
RB_Player_14,LSU,SEC,RB,76,207,2025,12,10,2,0,0,0,Y,7,0,0,0.0,0,0,0,0.0,15,150,1,8.0,210,894,10,5.0,4.712845806092422,13.0,31.31243546713924,115.73030943686857,7.259142859347204,4.36962536087203
RB_Player_15,LSU,SEC,RB,78,228,2025,12,7,2,0,0,0,Y,4,0,0,0.0,0,0,0,0.0,15,150,1,8.0,199,873,11,5.0,4.781487186496512,18.0,32.37837786319509,117.31600119442837,7.151428451167088,4.3746700458699435
RB_Player_16,LSU,SEC,RB,76,220,2025,12,11,2,1,0,0,Y,2,0,0,0.0,0,0,0,0.0,15,150,1,8.0,192,890,9,5.0,4.737816153376702,15.0,28.522091897517534,119.93895368091111,7.193291138748743,4.4091843882641655
RB_Player_17,LSU,Big Ten,RB,73,229,2025,12,7,2,0,0,0,Y,2,0,0,0.0,0,0,0,0.0,22,150,1,8.0,188,890,10,5.0,4.745050745177726,13.0,31.689289808834108,119.047165816554,7.204078367947107,4.366388429140895
RB_Player_18,Ohio State,ACC,RB,78,211,2025,12,6,2,0,0,0,Y,4,0,0,0.0,0,0,0,0.0,29,150,1,8.0,181,874,8,5.0,4.730463179732942,13.0,33.470219324063045,120.22562064707743,7.220168821084732,4.357742447749738
RB_Player_19,Alabama,Pac-12,RB,70,210,2025,12,7,2,0,0,0,N,5,0,0,0.0,0,0,0,0.0,22,150,1,8.0,144,900,12,5.0,,,,,,
RB_Player_20,Oregon,Pac-12,RB,72,225,2025,12,6,2,0,0,0,Y,4,0,0,0.0,0,0,0,0.0,22,150,1,8.0,186,820,12,5.0,4.795972674043048,15.0,31.5703255425368,124.7966647899049,7.24910518790512,4.338671644559538
RB_Player_21,Ohio State,ACC,RB,71,226,2025,12,6,2,1,0,0,Y,5,0,0,0.0,0,0,0,0.0,26,150,1,8.0,179,904,11,5.0,4.723973065149392,18.0,32.52053018451134,113.57690709796239,7.241478366560691,4.292701889303125
RB_Player_22,LSU,ACC,RB,73,229,2025,12,7,2,0,0,0,Y,3,0,0,0.0,0,0,0,0.0,26,150,1,8.0,102,898,11,5.0,4.7634049793237025,14.0,30.38581320036927,116.84795128300779,7.446945329573806,4.33585852692834
RB_Player_23,Ohio State,Big Ten,RB,72,218,2025,12,6,2,2,0,0,Y,1,0,0,0.0,0,0,0,0.0,49,350,3,8.0,276,1265,12,5.6,4.606971621312886,21.0,35.707532773993165,132.43720734258346,6.882507987834466,4.152021323746854
RB_Player_24,Alabama,ACC,RB,77,228,2025,12,8,2,1,0,0,Y,1,0,0,0.0,0,0,0,0.0,44,350,3,8.0,206,1346,12,5.6,4.680448265195399,21.0,37.27858816957279,124.19238946672648,6.927557628359509,4.315344245987488
RB_Player_25,Alabama,Pac-12,RB,72,222,2025,12,7,2,0,0,0,Y,1,0,0,0.0,0,0,0,0.0,53,350,3,8.0,217,1327,16,5.6,4.680620916179409,19.0,35.3554473504545,123.78570073401846,7.114301107791499,4.295346658081946
RB_Player_26,Oregon,SEC,RB,78,230,2025,12,11,2,0,0,0,Y,3,0,0,0.0,0,0,0,0.0,19,150,1,8.0,193,979,12,5.0,4.7213983247090825,14.0,33.27482050269199,120.29297520252419,7.524578794414439,4.3113539000147965
RB_Player_27,Alabama,SEC,RB,75,215,2025,12,4,2,0,0,0,Y,3,0,0,0.0,0,0,0,0.0,19,150,1,8.0,173,829,11,5.0,4.752803161113445,17.0,28.37933315559993,112.36568491489741,7.0122979445994895,4.291724208098847
RB_Player_28,Alabama,Big Ten,RB,75,202,2025,12,8,2,1,0,0,Y,5,0,0,0.0,0,0,0,0.0,26,150,1,8.0,184,827,8,5.0,4.728811859801955,18.0,30.629304054596616,123.45495413542008,7.403084373058375,4.344430042070005
RB_Player_29,LSU,Big Ten,RB,73,208,2025,12,5,2,0,0,0,N,7,0,0,0.0,0,0,0,0.0,20,150,1,8.0,157,834,8,5.0,,,,,,
RB_Player_30,Alabama,SEC,RB,70,206,2025,12,11,2,2,0,0,Y,7,0,0,0.0,0,0,0,0.0,23,150,1,8.0,182,878,9,5.0,4.764918958095924,14.0,32.3123393138332,119.99329938642654,6.892855059846562,4.293383119683246
RB_Player_31,LSU,Big Ten,RB,78,221,2025,12,10,2,1,0,0,Y,5,0,0,0.0,0,0,0,0.0,23,150,1,8.0,147,959,11,5.0,4.780626182640002,18.0,32.22370356815779,127.21882353819399,7.210740817876342,4.371569833867783
RB_Player_32,Ohio State,Pac-12,RB,71,202,2025,12,7,2,1,0,0,Y,3,0,0,0.0,0,0,0,0.0,27,150,1,8.0,219,882,8,5.0,4.788119476088891,15.0,33.02437577348055,116.69512115031488,7.115193570064422,4.325998519067774
RB_Player_33,Oregon,Big Ten,RB,78,229,2025,12,7,2,1,0,0,Y,4,0,0,0.0,0,0,0,0.0,28,150,1,8.0,162,870,12,5.0,4.807769184033129,15.0,32.01661140909396,118.58986899045023,7.261212823298983,4.262427025987545
RB_Player_34,LSU,ACC,RB,74,221,2025,12,4,2,1,0,0,Y,7,0,0,0.0,0,0,0,0.0,20,150,1,8.0,178,769,12,5.0,4.666589256120354,14.0,32.957470215422035,119.46981769703306,7.197989997635658,4.263342999582904
RB_Player_35,Oregon,SEC,RB,76,203,2025,12,11,2,0,0,0,Y,7,0,0,0.0,0,0,0,0.0,17,150,1,8.0,209,912,9,5.0,4.755659917896515,17.0,31.589852141248016,119.23517482990592,7.255532192101059,4.301687420284701
RB_Player_36,Oregon,Big Ten,RB,75,223,2025,12,6,2,0,0,0,Y,7,0,0,0.0,0,0,0,0.0,18,150,1,8.0,185,880,10,5.0,4.748192350192338,14.0,29.594727963801688,119.16877447644855,7.075041787085079,4.352460631407115
RB_Player_37,LSU,ACC,RB,74,227,2025,12,11,2,0,0,0,Y,4,0,0,0.0,0,0,0,0.0,26,150,1,8.0,157,899,11,5.0,4.674481518665654,15.0,32.22145070890857,117.50239331654049,7.189841538241976,4.331972768497053
RB_Player_38,Oregon,ACC,RB,76,207,2025,12,10,2,1,0,0,Y,7,0,0,0.0,0,0,0,0.0,25,150,1,8.0,157,829,10,5.0,4.689720457794813,13.0,29.866042916961064,122.52471316710228,7.231365193329746,4.314509007107672
RB_Player_39,LSU,Pac-12,RB,76,210,2025,12,4,2,0,0,0,Y,7,0,0,0.0,0,0,0,0.0,27,150,1,8.0,199,958,8,5.0,4.771650707010171,18.0,32.92882031660295,119.51096499306767,7.034341774774871,4.3890306709604054
RB_Player_40,Ohio State,Pac-12,RB,78,205,2025,12,6,2,0,0,0,Y,6,0,0,0.0,0,0,0,0.0,23,150,1,8.0,195,904,12,5.0,4.775585044770956,17.0,32.40366136637226,124.35576023027625,7.383670259624094,4.39510429983642
RB_Player_41,LSU,SEC,RB,74,214,2025,12,5,2,1,0,0,Y,3,0,0,0.0,0,0,0,0.0,29,150,1,8.0,217,886,11,5.0,4.753319650147533,16.0,30.283367973489867,115.9329968915093,7.403038252753445,4.314743691481803
RB_Player_42,Oregon,ACC,RB,75,224,2025,12,4,2,1,0,0,Y,1,0,0,0.0,0,0,0,0.0,54,350,3,8.0,241,1383,16,5.6,4.619387605339375,23.0,36.24095163570995,127.17302453674178,6.873385925576338,4.298377338340909
RB_Player_43,Ohio State,Big Ten,RB,73,221,2025,12,4,2,0,0,0,Y,1,0,0,0.0,0,0,0,0.0,41,350,3,8.0,248,1296,15,5.6,4.616980879409037,23.0,37.86302948333538,122.68299372574782,7.07234030223365,4.303125567315522
RB_Player_44,LSU,Pac-12,RB,77,213,2025,12,9,2,0,0,0,Y,3,0,0,0.0,0,0,0,0.0,16,150,1,8.0,193,827,11,5.0,4.754269265104868,13.0,29.74868349912439,118.93426593945438,6.936535744226385,4.329431157066097
RB_Player_45,LSU,SEC,RB,70,200,2025,12,9,2,2,0,0,N,5,0,0,0.0,0,0,0,0.0,18,150,1,8.0,210,916,9,5.0,,,,,,
RB_Player_46,Oregon,Pac-12,RB,74,217,2025,12,10,2,2,0,0,Y,1,0,0,0.0,0,0,0,0.0,45,350,3,8.0,302,1314,13,5.6,4.583586600438455,23.0,34.778163003722796,124.75028146225003,7.1086325645812485,4.2230009414789835
RB_Player_47,Oregon,Pac-12,RB,71,217,2025,12,4,2,0,0,0,Y,5,0,0,0.0,0,0,0,0.0,23,150,1,8.0,195,907,8,5.0,4.759556589078532,15.0,33.98085269523037,116.98719424818218,7.271915138160802,4.364533842788486
RB_Player_48,Oregon,SEC,RB,70,228,2025,12,4,2,0,0,0,Y,5,0,0,0.0,0,0,0,0.0,24,150,1,8.0,170,906,8,5.0,4.741314432072832,13.0,30.99095525750931,113.16450544901694,7.21825284068126,4.3346309224001205
RB_Player_49,Alabama,ACC,RB,74,203,2025,12,4,2,2,0,0,Y,3,0,0,0.0,0,0,0,0.0,27,150,1,8.0,138,922,9,5.0,4.790353833527098,18.0,32.55027349655396,121.13675991348839,7.008060498389741,4.397155484393552
RB_Player_50,Alabama,SEC,RB,70,215,2025,12,8,2,0,0,0,N,6,0,0,0.0,0,0,0,0.0,28,150,1,8.0,181,912,8,5.0,,,,,,
RB_Player_51,LSU,ACC,RB,76,207,2025,12,6,2,2,0,0,Y,6,0,0,0.0,0,0,0,0.0,21,150,1,8.0,163,966,9,5.0,4.710765275498154,17.0,31.88277686053003,120.73103566180986,7.266845051940122,4.412844771127939
RB_Player_52,LSU,Big Ten,RB,76,214,2025,12,9,2,0,0,0,Y,4,0,0,0.0,0,0,0,0.0,21,150,1,8.0,208,909,11,5.0,4.71583002117102,15.0,32.293651031324096,121.25193684919392,6.9924821503358165,4.352460885606152
RB_Player_53,Alabama,Big Ten,RB,72,200,2025,12,4,2,2,0,0,Y,5,0,0,0.0,0,0,0,0.0,15,150,1,8.0,170,921,9,5.0,4.805622870200502,15.0,31.55258754355584,120.67831310804719,7.341497242069432,4.37328613171088
RB_Player_54,Oregon,SEC,RB,72,219,2025,12,7,2,1,0,0,Y,4,0,0,0.0,0,0,0,0.0,17,150,1,8.0,192,772,11,5.0,4.679911008383258,16.0,30.735754048470444,121.10972358269309,7.411563470844483,4.2691905667303205
RB_Player_55,Alabama,Pac-12,RB,78,227,2025,12,7,2,0,0,0,Y,5,0,0,0.0,0,0,0,0.0,23,150,1,8.0,173,947,12,5.0,4.788056450885699,13.0,29.989988717302897,120.58338369563073,7.511902748520276,4.417026178040063
RB_Player_56,Alabama,Big Ten,RB,70,203,2025,12,5,2,1,0,0,Y,1,0,0,0.0,0,0,0,0.0,44,350,3,8.0,206,1304,12,5.6,4.627747919119481,20.0,34.87912982137296,128.10117718408418,6.797573241675292,4.290528967554568
RB_Player_57,Alabama,ACC,RB,78,210,2025,12,11,2,0,0,0,Y,2,0,0,0.0,0,0,0,0.0,21,150,1,8.0,166,905,11,5.0,4.753013528145949,14.0,29.92325556510423,122.80062158267265,7.012698644811476,4.385838410075536
RB_Player_58,Oregon,Big Ten,RB,72,200,2025,12,8,2,1,0,0,Y,7,0,0,0.0,0,0,0,0.0,16,150,1,8.0,196,946,9,5.0,4.762454294601992,13.0,31.029316954767214,119.3443349378641,7.227242905514745,4.342139479261058
RB_Player_59,Ohio State,ACC,RB,70,228,2025,12,5,2,0,0,0,Y,6,0,0,0.0,0,0,0,0.0,26,150,1,8.0,156,911,11,5.0,4.747252664650486,13.0,28.138784429443774,114.93577170981793,7.120586088021861,4.395916623856117
RB_Player_60,LSU,ACC,RB,70,208,2025,12,4,2,0,0,0,Y,4,0,0,0.0,0,0,0,0.0,26,150,1,8.0,175,915,10,5.0,4.753919515664309,17.0,29.66234513421621,121.06644791814935,7.498267878026019,4.313677244397182
RB_Player_61,Alabama,Big Ten,RB,71,220,2025,12,10,2,2,0,0,Y,5,0,0,0.0,0,0,0,0.0,19,150,1,8.0,204,849,11,5.0,4.776444923030704,18.0,31.475354372291335,123.9909218283482,7.135762277492038,4.246815905389027
RB_Player_62,Oregon,SEC,RB,78,228,2025,12,5,2,0,0,0,Y,2,0,0,0.0,0,0,0,0.0,25,150,1,8.0,180,870,12,5.0,4.740276976945044,18.0,31.307139472254686,119.24885918822443,7.2328661648105115,4.3215160536257535
RB_Player_63,LSU,Big Ten,RB,77,209,2025,12,8,2,0,0,0,Y,1,0,0,0.0,0,0,0,0.0,41,350,3,8.0,234,1327,15,5.6,4.537915796233798,23.0,37.316250967155334,128.56898617180025,7.262258844836035,4.351076631020902
RB_Player_64,LSU,SEC,RB,77,207,2025,12,7,2,2,0,0,Y,1,0,0,0.0,0,0,0,0.0,53,350,3,8.0,209,1309,12,5.6,4.6876831762810856,22.0,34.698873321342134,125.40775001161653,6.8762090327888234,4.16122923122316
RB_Player_65,Oregon,Big Ten,RB,74,230,2025,12,10,2,0,0,0,Y,1,0,0,0.0,0,0,0,0.0,54,350,3,8.0,245,1254,14,5.6,4.563722744016268,23.0,34.172410079449314,119.97990745151237,7.107122294358425,4.227548136960213
RB_Player_66,LSU,ACC,RB,71,216,2025,12,4,2,0,0,0,Y,3,0,0,0.0,0,0,0,0.0,17,150,1,8.0,209,954,9,5.0,4.74102565715604,15.0,32.37554876307954,115.93102454859451,7.186244857823525,4.49165765128125
RB_Player_67,LSU,SEC,RB,70,200,2025,12,4,2,0,0,0,Y,7,0,0,0.0,0,0,0,0.0,18,150,1,8.0,153,840,12,5.0,4.796534286424462,14.0,33.6815249968556,113.9087043066414,7.262800879745495,4.331790902792872
RB_Player_68,LSU,SEC,RB,76,230,2025,12,5,2,1,0,0,Y,6,0,0,0.0,0,0,0,0.0,28,150,1,8.0,176,901,10,5.0,4.735075273020653,15.0,29.605516125111617,112.96843964298708,6.869743272156335,4.393801530273665
RB_Player_69,LSU,ACC,RB,73,214,2025,12,6,2,0,0,0,Y,7,0,0,0.0,0,0,0,0.0,25,150,1,8.0,194,946,11,5.0,4.767796137788339,16.0,33.4382310296898,120.39059490202753,7.337640006591477,4.410781215286445
RB_Player_70,LSU,ACC,RB,72,227,2025,12,5,2,0,0,0,Y,3,0,0,0.0,0,0,0,0.0,24,150,1,8.0,164,1021,9,5.0,4.7570856607150045,14.0,31.077822907864384,121.7191239276673,7.2209754770138135,4.362250221658784
RB_Player_71,Alabama,Big Ten,RB,77,209,2025,12,6,2,0,0,0,Y,1,0,0,0.0,0,0,0,0.0,40,350,3,8.0,272,1310,16,5.6,4.668327175297876,20.0,36.511079599415794,127.42169334180257,7.154127288887017,4.240330910891315
RB_Player_72,Ohio State,Big Ten,RB,76,205,2025,12,8,2,0,0,0,Y,5,0,0,0.0,0,0,0,0.0,24,150,1,8.0,213,965,9,5.0,4.695787168326602,18.0,31.709618585530876,113.44690465845247,7.051015228536869,4.370068443625551
RB_Player_73,LSU,ACC,RB,78,221,2025,12,9,2,0,0,0,Y,2,0,0,0.0,0,0,0,0.0,20,150,1,8.0,182,942,10,5.0,4.778331631464528,18.0,31.8454193672303,113.07816594442919,7.360654729278809,4.3342527286832135
RB_Player_74,Ohio State,ACC,RB,76,206,2025,12,5,2,0,0,0,Y,1,0,0,0.0,0,0,0,0.0,44,350,3,8.0,281,1350,12,5.6,4.643912838565227,19.0,36.16530861124134,129.06376048554083,6.916304008028471,4.261614961110279
RB_Player_75,Oregon,Big Ten,RB,70,206,2025,12,8,2,0,0,0,Y,7,0,0,0.0,0,0,0,0.0,26,150,1,8.0,175,815,8,5.0,4.710679648996654,14.0,32.22455701087146,116.796716217548,7.225927818356412,4.404214484815387
RB_Player_76,Alabama,ACC,RB,70,208,2025,12,5,2,0,0,0,Y,7,0,0,0.0,0,0,0,0.0,29,150,1,8.0,230,984,12,5.0,4.728191058724263,16.0,30.12563970464268,115.45565003525249,7.132151985638268,4.377148863800253
RB_Player_77,Alabama,Pac-12,RB,78,208,2025,12,9,2,1,0,0,N,7,0,0,0.0,0,0,0,0.0,26,150,1,8.0,145,932,8,5.0,,,,,,
RB_Player_78,Ohio State,Pac-12,RB,70,223,2025,12,7,2,0,0,0,Y,7,0,0,0.0,0,0,0,0.0,15,150,1,8.0,156,981,12,5.0,4.798786965611532,18.0,32.959061585371,115.84162120588559,7.10905720535432,4.340629471660476
RB_Player_79,Oregon,ACC,RB,75,211,2025,12,10,2,2,0,0,Y,3,0,0,0.0,0,0,0,0.0,17,150,1,8.0,208,900,11,5.0,4.668168913710014,17.0,31.176715317712375,111.69838945618699,7.284213901572177,4.411716792258118
RB_Player_80,Ohio State,Big Ten,RB,76,201,2025,12,9,2,0,0,0,Y,2,0,0,0.0,0,0,0,0.0,26,150,1,8.0,190,798,10,5.0,4.831175765974929,13.0,32.21087208773069,113.88120948613452,7.3776025761218005,4.366178510824553
RB_Player_81,Alabama,ACC,RB,76,211,2025,12,9,2,2,0,0,Y,2,0,0,0.0,0,0,0,0.0,16,150,1,8.0,190,946,10,5.0,4.760572992792897,13.0,31.353305789414303,115.2890916234276,7.159916786756887,4.3431785387793616
RB_Player_82,Alabama,Big Ten,RB,70,226,2025,12,6,2,1,0,0,Y,1,0,0,0.0,0,0,0,0.0,41,350,3,8.0,249,1311,12,5.6,4.638580481189374,23.0,34.227231745232494,121.48978883786857,6.869432525060544,4.462356681028287
RB_Player_83,Alabama,Big Ten,RB,70,224,2025,12,4,2,1,0,0,Y,5,0,0,0.0,0,0,0,0.0,25,150,1,8.0,160,906,8,5.0,4.706030860721421,15.0,29.83025414715363,122.65741996474138,6.8244243431285785,4.323464038796813
RB_Player_84,Alabama,Big Ten,RB,75,224,2025,12,5,2,0,0,0,Y,3,0,0,0.0,0,0,0,0.0,26,150,1,8.0,165,953,10,5.0,4.72641577969868,17.0,31.92862888693853,116.21933442932622,7.259829665141054,4.301747471797234
RB_Player_85,Ohio State,Big Ten,RB,72,213,2025,12,4,2,0,0,0,Y,6,0,0,0.0,0,0,0,0.0,23,150,1,8.0,184,878,9,5.0,4.775227965821685,16.0,31.921144483138775,123.56342419479968,7.40668345216339,4.475108033051526
RB_Player_86,Ohio State,ACC,RB,76,219,2025,12,6,2,1,0,0,Y,1,0,0,0.0,0,0,0,0.0,50,350,3,8.0,228,1405,12,5.6,4.64401612379012,23.0,34.85701391735362,128.97133136760647,6.762810849279592,4.217615215643343
RB_Player_87,Oregon,ACC,RB,71,200,2025,12,8,2,1,0,0,Y,2,0,0,0.0,0,0,0,0.0,27,150,1,8.0,225,816,8,5.0,4.723567412417301,13.0,32.380987554060006,115.9600577440249,7.067288890683546,4.449007415723567
RB_Player_88,Ohio State,ACC,RB,74,207,2025,12,5,2,0,0,0,Y,1,0,0,0.0,0,0,0,0.0,51,350,3,8.0,275,1305,12,5.6,4.679237703975258,23.0,35.34488540426268,121.75862991657193,7.08179223888038,4.215911522118132
RB_Player_89,Oregon,Big Ten,RB,70,202,2025,12,10,2,1,0,0,Y,3,0,0,0.0,0,0,0,0.0,17,150,1,8.0,222,883,12,5.0,4.763455492413532,14.0,30.859509694840376,109.84896798071259,6.837673208273529,4.319917425319092
RB_Player_90,Alabama,Pac-12,RB,74,220,2025,12,8,2,2,0,0,Y,4,0,0,0.0,0,0,0,0.0,20,150,1,8.0,136,856,12,5.0,4.766554072349853,15.0,34.115773051313866,119.42026509771414,7.22306584511517,4.331760191016322
RB_Player_91,LSU,SEC,RB,76,212,2025,12,8,2,0,0,0,Y,4,0,0,0.0,0,0,0,0.0,27,150,1,8.0,203,908,12,5.0,4.725531311343578,15.0,33.83764159229579,117.22519050660206,7.3926394501254045,4.350974919224951
RB_Player_92,Oregon,SEC,RB,73,226,2025,12,7,2,0,0,0,Y,1,0,0,0.0,0,0,0,0.0,51,350,3,8.0,256,1247,15,5.6,4.626585939977016,23.0,35.83059916481869,116.51121394384944,7.2347288174292785,4.300303631150588
RB_Player_93,Ohio State,SEC,RB,78,210,2025,12,4,2,0,0,0,Y,1,0,0,0.0,0,0,0,0.0,41,350,3,8.0,235,1418,15,5.6,4.604357624829179,23.0,33.974315449523196,125.07072195603853,6.814974530519655,4.293768221087082
RB_Player_94,Ohio State,Big Ten,RB,78,228,2025,12,10,2,2,0,0,Y,1,0,0,0.0,0,0,0,0.0,54,350,3,8.0,247,1283,15,5.6,4.654943095531304,23.0,36.77474451088893,122.76916736974516,6.682218130122811,4.226602949316408
RB_Player_95,LSU,ACC,RB,76,224,2025,12,4,2,1,0,0,N,6,0,0,0.0,0,0,0,0.0,22,150,1,8.0,182,929,11,5.0,,,,,,
RB_Player_96,Ohio State,Pac-12,RB,72,230,2025,12,9,2,0,0,0,Y,4,0,0,0.0,0,0,0,0.0,29,150,1,8.0,171,866,11,5.0,4.764138087289452,17.0,32.60650980154795,116.74308244231054,7.184419189558671,4.387238453780335
RB_Player_97,Oregon,Big Ten,RB,71,211,2025,12,8,2,2,0,0,Y,7,0,0,0.0,0,0,0,0.0,17,150,1,8.0,208,915,12,5.0,4.727463415578537,16.0,31.758674661002136,113.67346252526426,6.837046476307228,4.338674478159742
RB_Player_98,LSU,Pac-12,RB,76,229,2025,12,8,2,1,0,0,Y,1,0,0,0.0,0,0,0,0.0,52,350,3,8.0,236,1298,15,5.6,4.605841019171809,20.0,36.802194832272335,125.60165874341153,6.864396856418897,4.309220328618854
RB_Player_99,Ohio State,Big Ten,RB,78,218,2025,12,6,2,2,0,0,Y,4,0,0,0.0,0,0,0,0.0,20,150,1,8.0,181,950,8,5.0,4.770729845039805,16.0,31.655465733136143,121.90529069584656,7.174976967313761,4.271420135450687
RB_Player_100,Alabama,SEC,RB,76,206,2025,12,6,2,0,0,0,Y,6,0,0,0.0,0,0,0,0.0,27,150,1,8.0,191,996,9,5.0,4.697077367443159,16.0,34.179219430878184,121.56783608972076,7.406645900443249,4.40232478695894
RB_Player_101,LSU,SEC,RB,78,216,2025,12,10,2,1,0,0,Y,3,0,0,0.0,0,0,0,0.0,20,150,1,8.0,211,937,8,5.0,4.727779346865948,16.0,29.489153695179727,117.85406612688982,7.205169940483478,4.356319111962422
RB_Player_102,Oregon,SEC,RB,74,226,2025,12,5,2,2,0,0,Y,1,0,0,0.0,0,0,0,0.0,47,350,3,8.0,226,1259,13,5.6,4.677914720758135,18.0,34.83492133500491,126.72479699172943,6.630661565425053,4.314383774466113
RB_Player_103,LSU,Big Ten,RB,70,217,2025,12,7,2,0,0,0,Y,7,0,0,0.0,0,0,0,0.0,28,150,1,8.0,193,762,12,5.0,4.743342022702166,15.0,34.12811615333237,118.46594967771553,7.266199707930021,4.2965895742066555
RB_Player_104,Oregon,Big Ten,RB,73,224,2025,12,9,2,2,0,0,N,7,0,0,0.0,0,0,0,0.0,23,150,1,8.0,189,883,12,5.0,,,,,,
RB_Player_105,Oregon,SEC,RB,75,206,2025,12,6,2,1,0,0,Y,6,0,0,0.0,0,0,0,0.0,17,150,1,8.0,139,899,8,5.0,4.711091857607424,18.0,30.41700583348063,115.25442553107135,7.130000267688406,4.43861580109408
RB_Player_106,LSU,SEC,RB,77,209,2025,12,10,2,0,0,0,Y,3,0,0,0.0,0,0,0,0.0,19,150,1,8.0,178,840,8,5.0,4.714259430128323,16.0,31.925284491705813,119.00646371444017,7.243026583325394,4.391551582850109
RB_Player_107,Ohio State,ACC,RB,77,220,2025,12,7,2,1,0,0,N,7,0,0,0.0,0,0,0,0.0,21,150,1,8.0,230,880,12,5.0,,,,,,
RB_Player_108,Oregon,Big Ten,RB,75,228,2025,12,5,2,1,0,0,Y,6,0,0,0.0,0,0,0,0.0,21,150,1,8.0,188,971,10,5.0,4.733216461300977,13.0,32.018389186194135,120.87833541071072,7.339574403178297,4.371629409128983
RB_Player_109,Alabama,SEC,RB,73,216,2025,12,6,2,1,0,0,Y,2,0,0,0.0,0,0,0,0.0,26,150,1,8.0,227,998,8,5.0,4.732578921401783,15.0,32.055509182982384,113.6527864987176,7.202794243418363,4.388955499898546
RB_Player_110,Alabama,ACC,RB,75,207,2025,12,5,2,1,0,0,Y,2,0,0,0.0,0,0,0,0.0,25,150,1,8.0,187,891,8,5.0,4.770716797465539,18.0,32.24234610738384,111.61475703243461,7.095820523988338,4.361108387737709
RB_Player_111,Alabama,Big Ten,RB,76,206,2025,12,8,2,1,0,0,Y,7,0,0,0.0,0,0,0,0.0,15,150,1,8.0,205,883,11,5.0,4.825501423503554,14.0,34.774068366431415,121.98046566699126,7.304575288312849,4.441767837396457
RB_Player_112,Ohio State,Big Ten,RB,75,203,2025,12,11,2,2,0,0,Y,4,0,0,0.0,0,0,0,0.0,18,150,1,8.0,192,960,10,5.0,4.7803795429684195,17.0,32.59723612158444,117.20326096499122,7.205698290749203,4.344028865947032
RB_Player_113,LSU,SEC,RB,72,214,2025,12,11,2,0,0,0,Y,1,0,0,0.0,0,0,0,0.0,47,350,3,8.0,254,1339,14,5.6,4.681145567368456,19.0,38.25251700570311,124.21935148530434,6.9754833550444975,4.435287122527744
RB_Player_114,LSU,Pac-12,RB,70,201,2025,12,5,2,1,0,0,Y,3,0,0,0.0,0,0,0,0.0,19,150,1,8.0,211,972,10,5.0,4.657427781042646,15.0,30.74122144399371,115.6120886533847,7.209107409133637,4.37318935236814
RB_Player_115,Ohio State,ACC,RB,77,203,2025,12,5,2,0,0,0,Y,1,0,0,0.0,0,0,0,0.0,53,350,3,8.0,289,1286,12,5.6,4.624401823414953,19.0,34.45288887176746,122.46486269888223,7.177954374561992,4.235627123638047
RB_Player_116,LSU,ACC,RB,70,202,2025,12,10,2,1,0,0,Y,3,0,0,0.0,0,0,0,0.0,22,150,1,8.0,221,1023,10,5.0,4.799935893775284,14.0,33.94016946333236,117.04872826678447,7.428694517151037,4.3538114640645205
RB_Player_117,Ohio State,ACC,RB,72,214,2025,12,5,2,1,0,0,Y,2,0,0,0.0,0,0,0,0.0,28,150,1,8.0,176,898,11,5.0,4.732368129866649,16.0,32.070345253013954,115.97152385556886,7.125801849817144,4.3556217363538074
RB_Player_118,Alabama,Pac-12,RB,76,220,2025,12,5,2,0,0,0,N,1,0,0,0.0,0,0,0,0.0,43,350,3,8.0,262,1285,13,5.6,,,,,,
RB_Player_119,LSU,Pac-12,RB,71,217,2025,12,9,2,0,0,0,Y,1,0,0,0.0,0,0,0,0.0,45,350,3,8.0,231,1251,16,5.6,4.595198804518667,20.0,32.590121893264374,122.25355715938329,7.0961431465807046,4.216641788758598
